Breed,Adaptability,All_Around_Friendliness,Exercise_Needs,Health_Grooming,Trainability,Adapts_Well_to_Apartment_Living,Affectionate_with_Family,Amount_Of_Shedding,Dog_Friendly,Drooling_Potential,Easy_To_Groom,Easy_To_Train,Energy_Level,Friendly_Toward_Strangers,General_Health,Good_For_Novice_Owners,Incredibly_Kid_Friendly_Dogs,Intelligence,Intensity,Potential_For_Mouthiness,Potential_For_Playfulness,Potential_For_Weight_Gain,Prey_Drive,Sensitivity_Level,Size,Tendency_To_Bark_Or_Howl,Tolerates_Being_Alone,Tolerates_Cold_Weather,Tolerates_Hot_Weather,Wanderlust_Potential,Type,Congenital_Ailments,Lifetime_Cost,Longevity_Years,Number_of_Congenital_Ailments,Purchase_Price,Food_Costs_Per_Year,Grooming_Frequency
Affenpinscher,3.0,3.0,4.0,2.0,3.0,5.0,5.0,1.0,4.0,1.0,3.0,2.0,4.0,3.0,4.0,4.0,1.0,4.0,3.0,4.0,4.0,3.0,3.0,3.0,1.0,2.0,1.0,3.0,3.0,2.0,toy,none,18333,11.42,0,510,324,Once in a few weeks
Afghan Hound,4.0,4.0,4.0,2.0,3.0,5.0,5.0,4.0,4.0,1.0,1.0,1.0,5.0,2.0,3.0,3.0,5.0,4.0,2.0,3.0,4.0,1.0,5.0,5.0,4.0,2.0,2.0,5.0,5.0,5.0,hound,none,24077,11.92,0,890,710,Daily
Airedale Terrier,2.0,4.0,5.0,3.0,5.0,1.0,4.0,2.0,4.0,1.0,2.0,4.0,5.0,3.0,3.0,2.0,4.0,5.0,3.0,5.0,5.0,4.0,5.0,3.0,3.0,4.0,2.0,3.0,3.0,4.0,,,,,,,,
Akita,3.0,2.0,4.0,4.0,4.0,2.0,5.0,5.0,1.0,5.0,1.0,2.0,4.0,2.0,4.0,2.0,1.0,3.0,3.0,3.0,5.0,4.0,4.0,5.0,4.0,5.0,1.0,5.0,2.0,4.0,working,hip problems,20994,10.16,1,1202,710,Once a week
Alaskan Klee Kai,3.0,3.0,4.0,3.0,4.0,3.0,4.0,4.0,2.0,2.0,4.0,4.0,4.0,2.0,4.0,2.0,3.0,4.0,2.0,2.0,4.0,2.0,5.0,4.0,2.0,3.0,2.0,5.0,2.0,4.0,,,,,,,,
Alaskan Malamute,2.0,4.0,5.0,3.0,4.0,1.0,4.0,5.0,2.0,1.0,1.0,4.0,5.0,5.0,4.0,1.0,3.0,4.0,5.0,3.0,5.0,3.0,4.0,4.0,4.0,5.0,1.0,5.0,2.0,5.0,working,"hip problems,dwarfism",21986,10.67,2,1210,710,Daily
American Bulldog,2.0,3.0,4.0,3.0,3.0,1.0,5.0,1.0,2.0,4.0,4.0,4.0,4.0,2.0,3.0,1.0,4.0,3.0,4.0,2.0,4.0,2.0,4.0,4.0,4.0,2.0,1.0,2.0,2.0,3.0,,,,,,,,
American English Coonhound,3.0,5.0,5.0,3.0,5.0,1.0,5.0,3.0,4.0,1.0,5.0,5.0,5.0,5.0,4.0,2.0,5.0,4.0,5.0,3.0,5.0,3.0,5.0,5.0,3.0,5.0,2.0,4.0,4.0,5.0,,,,,,,,
American Eskimo Dog,4.0,5.0,4.0,3.0,4.0,5.0,5.0,5.0,5.0,1.0,3.0,5.0,5.0,4.0,5.0,4.0,5.0,4.0,3.0,3.0,5.0,4.0,3.0,4.0,2.0,4.0,2.0,5.0,3.0,3.0,,,,,,,,
American Foxhound,2.0,5.0,5.0,4.0,4.0,1.0,4.0,3.0,5.0,1.0,5.0,2.0,5.0,4.0,5.0,2.0,5.0,3.0,4.0,3.0,5.0,5.0,4.0,2.0,3.0,5.0,1.0,4.0,4.0,5.0,,,,,,,,
American Pit Bull Terrier,3.0,4.0,5.0,3.0,4.0,3.0,5.0,4.0,1.0,1.0,5.0,4.0,4.0,5.0,4.0,2.0,5.0,4.0,5.0,5.0,5.0,3.0,3.0,4.0,3.0,3.0,1.0,2.0,3.0,4.0,,,,,,,,
American Staffordshire Terrier,2.0,4.0,4.0,3.0,4.0,2.0,4.0,2.0,2.0,3.0,4.0,4.0,3.0,4.0,3.0,2.0,4.0,4.0,5.0,5.0,4.0,2.0,3.0,3.0,3.0,4.0,2.0,2.0,3.0,3.0,,,,,,,,
American Water Spaniel,3.0,4.0,4.0,3.0,4.0,2.0,5.0,3.0,2.0,1.0,3.0,4.0,5.0,3.0,3.0,2.0,5.0,3.0,2.0,5.0,5.0,3.0,2.0,5.0,3.0,3.0,1.0,2.0,4.0,5.0,,,,,,,,
Anatolian Shepherd Dog,3.0,2.0,3.0,3.0,3.0,1.0,3.0,2.0,2.0,3.0,4.0,4.0,3.0,1.0,3.0,2.0,2.0,4.0,3.0,2.0,3.0,3.0,2.0,4.0,5.0,2.0,3.0,5.0,3.0,4.0,,,,,,,,
Appenzeller Sennenhunde,3.0,4.0,4.0,3.0,4.0,1.0,5.0,3.0,3.0,1.0,5.0,4.0,4.0,2.0,4.0,3.0,5.0,4.0,4.0,5.0,4.0,3.0,3.0,3.0,3.0,5.0,1.0,5.0,4.0,3.0,,,,,,,,
Australian Cattle Dog,3.0,4.0,5.0,3.0,4.0,2.0,5.0,3.0,4.0,1.0,4.0,5.0,5.0,2.0,5.0,1.0,3.0,5.0,5.0,5.0,5.0,4.0,4.0,4.0,3.0,2.0,3.0,4.0,4.0,4.0,herding,hip problems,20395,11.67,1,530,466,Once a week
Australian Kelpie,3.0,3.0,4.0,3.0,5.0,2.0,4.0,3.0,3.0,1.0,4.0,5.0,5.0,2.0,3.0,2.0,2.0,5.0,3.0,5.0,4.0,2.0,4.0,4.0,3.0,4.0,2.0,3.0,5.0,4.0,,,,,,,,
Australian Shepherd,3.0,4.0,5.0,2.0,5.0,1.0,5.0,3.0,5.0,1.0,1.0,5.0,5.0,3.0,2.0,2.0,4.0,5.0,4.0,4.0,5.0,4.0,4.0,5.0,3.0,4.0,2.0,4.0,4.0,5.0,herding,"deafness,hip problems",21458,12.28,2,565,466,Once a week
Australian Terrier,3.0,3.0,5.0,3.0,4.0,5.0,4.0,1.0,2.0,1.0,5.0,3.0,5.0,3.0,5.0,3.0,3.0,4.0,5.0,1.0,5.0,3.0,5.0,2.0,1.0,5.0,2.0,3.0,4.0,4.0,terrier,none,17892,11.05,0,640,324,Once a week
Azawakh,3.0,3.0,3.0,3.0,3.0,5.0,4.0,3.0,3.0,1.0,5.0,3.0,3.0,2.0,3.0,2.0,2.0,3.0,2.0,3.0,3.0,3.0,4.0,3.0,3.0,1.0,3.0,1.0,5.0,2.0,,,,,,,,
Barbet,3.0,4.0,4.0,2.0,3.0,3.0,5.0,2.0,4.0,1.0,1.0,4.0,5.0,3.0,4.0,2.0,4.0,4.0,3.0,2.0,4.0,3.0,3.0,3.0,3.0,3.0,1.0,4.0,4.0,3.0,,,,,,,,
Basenji,4.0,5.0,3.0,3.0,4.0,5.0,5.0,1.0,4.0,5.0,5.0,1.0,5.0,5.0,2.0,4.0,5.0,4.0,1.0,5.0,2.0,2.0,5.0,3.0,2.0,1.0,4.0,1.0,4.0,5.0,hound,"kidney, eye problems, anaemia",22096,13.58,3,940,324,Once a week
Basset Hound,3.0,5.0,2.0,4.0,4.0,5.0,5.0,4.0,5.0,4.0,5.0,2.0,2.0,5.0,1.0,4.0,5.0,4.0,2.0,3.0,2.0,5.0,5.0,4.0,2.0,4.0,3.0,2.0,2.0,5.0,hound,"blood,skin disorders",18328,11.43,2,490,324,Once a week
Beagle,3.0,5.0,5.0,3.0,4.0,4.0,5.0,3.0,5.0,1.0,4.0,1.0,4.0,5.0,1.0,3.0,5.0,4.0,5.0,3.0,5.0,5.0,5.0,4.0,2.0,5.0,1.0,2.0,4.0,5.0,hound,heart problems,19468,12.3,1,288,324,Daily
Bearded Collie,3.0,5.0,4.0,3.0,4.0,3.0,5.0,4.0,5.0,1.0,2.0,5.0,4.0,4.0,3.0,4.0,4.0,4.0,4.0,3.0,5.0,4.0,3.0,4.0,3.0,3.0,2.0,4.0,3.0,5.0,,,,,,,,
Bedlington Terrier,4.0,5.0,4.0,3.0,4.0,4.0,5.0,5.0,4.0,1.0,1.0,3.0,4.0,5.0,4.0,4.0,4.0,5.0,2.0,4.0,5.0,3.0,5.0,3.0,3.0,3.0,3.0,4.0,3.0,4.0,terrier,"liver,eye problems",22107,13.51,2,1058,324,Once a week
Belgian Malinois,3.0,4.0,5.0,3.0,4.0,1.0,5.0,2.0,2.0,1.0,5.0,5.0,5.0,3.0,4.0,3.0,4.0,5.0,4.0,3.0,5.0,2.0,4.0,5.0,4.0,2.0,3.0,4.0,4.0,3.0,,,,,,,,
Belgian Sheepdog,4.0,5.0,5.0,3.0,4.0,3.0,4.0,5.0,5.0,1.0,3.0,5.0,5.0,4.0,3.0,3.0,5.0,5.0,3.0,2.0,5.0,2.0,5.0,5.0,4.0,1.0,3.0,4.0,3.0,4.0,,,,,,,,
Belgian Tervuren,3.0,3.0,4.0,3.0,4.0,3.0,4.0,4.0,3.0,1.0,3.0,5.0,5.0,3.0,3.0,3.0,3.0,5.0,3.0,2.0,5.0,2.0,2.0,5.0,4.0,5.0,1.0,4.0,3.0,4.0,herding,"epilepsy,eye problems",19132,10.6,2,1070,466,Once a week
Berger Picard,4.0,4.0,5.0,4.0,3.0,3.0,5.0,4.0,3.0,1.0,5.0,4.0,5.0,2.0,5.0,4.0,5.0,4.0,3.0,2.0,5.0,3.0,3.0,5.0,4.0,2.0,3.0,4.0,3.0,2.0,,,,,,,,
Bernedoodle,3.0,4.0,4.0,3.0,4.0,3.0,5.0,1.0,4.0,2.0,3.0,4.0,4.0,3.0,4.0,3.0,5.0,5.0,3.0,4.0,5.0,3.0,3.0,4.0,3.0,3.0,2.0,5.0,3.0,3.0,,,,,,,,
Bernese Mountain Dog,2.0,5.0,4.0,4.0,4.0,1.0,5.0,5.0,3.0,4.0,3.0,4.0,4.0,5.0,1.0,2.0,5.0,4.0,3.0,5.0,4.0,4.0,5.0,4.0,5.0,4.0,1.0,5.0,1.0,3.0,working,"meningitis,elbow problems,hip problems,complex immune disorder",16099,7.56,4,1320,710,Once a week
Bichon Frise,4.0,5.0,4.0,2.0,3.0,5.0,5.0,2.0,4.0,1.0,1.0,5.0,5.0,5.0,4.0,5.0,4.0,4.0,3.0,3.0,5.0,4.0,4.0,5.0,2.0,2.0,1.0,3.0,4.0,2.0,non-sporting,none,19735,12.21,0,693,324,Daily
Black Mouth Cur,3.0,4.0,4.0,3.0,4.0,1.0,5.0,3.0,3.0,2.0,5.0,3.0,4.0,3.0,4.0,2.0,5.0,4.0,3.0,3.0,4.0,2.0,5.0,4.0,4.0,4.0,2.0,3.0,3.0,4.0,,,,,,,,
Black Russian Terrier,3.0,4.0,5.0,3.0,4.0,3.0,5.0,2.0,2.0,3.0,2.0,4.0,4.0,3.0,3.0,2.0,5.0,4.0,5.0,4.0,5.0,3.0,3.0,4.0,5.0,3.0,1.0,4.0,3.0,3.0,,,,,,,,
Black and Tan Coonhound,3.0,5.0,5.0,4.0,4.0,1.0,5.0,5.0,5.0,3.0,4.0,2.0,5.0,5.0,5.0,2.0,5.0,5.0,5.0,1.0,5.0,5.0,5.0,3.0,3.0,5.0,2.0,4.0,4.0,5.0,,,,,,,,
Bloodhound,3.0,5.0,4.0,3.0,4.0,1.0,5.0,4.0,5.0,5.0,1.0,3.0,5.0,5.0,3.0,2.0,5.0,4.0,4.0,5.0,3.0,3.0,3.0,4.0,4.0,4.0,2.0,3.0,3.0,5.0,hound,"fatal stomach bloat,skin problems",13824,6.75,2,608,710,Once a week
Blue Lacy,3.0,3.0,5.0,3.0,5.0,1.0,4.0,3.0,2.0,2.0,5.0,5.0,5.0,2.0,4.0,1.0,3.0,5.0,5.0,4.0,4.0,2.0,5.0,4.0,3.0,5.0,2.0,4.0,5.0,4.0,,,,,,,,
Bluetick Coonhound,3.0,4.0,5.0,3.0,4.0,2.0,5.0,2.0,3.0,2.0,5.0,2.0,5.0,3.0,4.0,2.0,5.0,4.0,4.0,3.0,5.0,3.0,4.0,5.0,3.0,4.0,2.0,3.0,3.0,5.0,,,,,,,,
Boerboel,2.0,3.0,4.0,4.0,3.0,1.0,4.0,3.0,2.0,4.0,4.0,2.0,3.0,2.0,4.0,1.0,4.0,4.0,4.0,3.0,4.0,3.0,3.0,3.0,5.0,3.0,2.0,3.0,4.0,4.0,,,,,,,,
Bolognese,3.0,5.0,3.0,2.0,4.0,5.0,5.0,1.0,5.0,1.0,1.0,5.0,3.0,5.0,5.0,3.0,5.0,4.0,3.0,4.0,3.0,3.0,5.0,5.0,1.0,4.0,2.0,2.0,3.0,1.0,,,,,,,,
Border Collie,3.0,4.0,5.0,3.0,4.0,2.0,5.0,3.0,3.0,1.0,3.0,5.0,5.0,5.0,2.0,2.0,4.0,5.0,3.0,3.0,5.0,3.0,3.0,5.0,3.0,2.0,1.0,4.0,4.0,3.0,herding,"eye problems,deafness",20143,12.52,2,623,324,Once a week
Border Terrier,3.0,4.0,5.0,3.0,4.0,4.0,5.0,3.0,2.0,1.0,2.0,3.0,4.0,5.0,4.0,3.0,4.0,5.0,4.0,5.0,5.0,5.0,5.0,3.0,2.0,1.0,1.0,4.0,3.0,4.0,terrier,none,22638,14.0,0,833,324,Once a week
Borzoi,4.0,4.0,2.0,4.0,4.0,5.0,4.0,5.0,4.0,1.0,4.0,3.0,2.0,4.0,4.0,3.0,3.0,4.0,2.0,3.0,3.0,2.0,5.0,5.0,5.0,2.0,1.0,4.0,3.0,4.0,hound,none,16176,9.08,0,675,466,Daily
Boston Terrier,4.0,5.0,5.0,3.0,3.0,5.0,4.0,2.0,5.0,1.0,5.0,4.0,4.0,4.0,4.0,4.0,5.0,4.0,5.0,2.0,5.0,3.0,2.0,5.0,2.0,3.0,3.0,3.0,2.0,5.0,non-sporting,breathing problems,17741,10.92,1,690,324,Once a week
Bouvier des Flandres,3.0,4.0,4.0,3.0,3.0,3.0,5.0,1.0,2.0,1.0,2.0,5.0,4.0,2.0,3.0,2.0,5.0,4.0,5.0,2.0,4.0,4.0,2.0,4.0,4.0,4.0,2.0,4.0,2.0,2.0,herding,hip problems,18959,10.34,1,1335,466,Once a week
Boxer,3.0,4.0,5.0,3.0,3.0,4.0,5.0,4.0,3.0,2.0,5.0,4.0,5.0,4.0,2.0,3.0,4.0,4.0,5.0,2.0,5.0,4.0,3.0,4.0,3.0,3.0,1.0,2.0,1.0,3.0,working,"eye problems,nerve,heart problems",15746,8.81,3,700,466,Once a week
Boykin Spaniel,3.0,4.0,5.0,3.0,4.0,1.0,5.0,4.0,4.0,1.0,1.0,4.0,5.0,3.0,2.0,3.0,5.0,4.0,5.0,4.0,4.0,4.0,2.0,4.0,3.0,3.0,3.0,3.0,4.0,4.0,,,,,,,,
Bracco Italiano,3.0,4.0,4.0,3.0,3.0,1.0,5.0,3.0,5.0,3.0,5.0,3.0,4.0,3.0,2.0,2.0,3.0,4.0,4.0,3.0,3.0,3.0,5.0,4.0,4.0,2.0,3.0,3.0,3.0,3.0,,,,,,,,
Briard,3.0,4.0,4.0,2.0,4.0,3.0,4.0,1.0,5.0,1.0,1.0,4.0,4.0,2.0,3.0,3.0,5.0,4.0,4.0,2.0,4.0,3.0,3.0,4.0,4.0,4.0,3.0,4.0,3.0,5.0,herding,hip problems,19673,11.17,1,650,466,Daily
Brittany,3.0,5.0,5.0,4.0,4.0,1.0,5.0,3.0,5.0,5.0,3.0,3.0,5.0,4.0,4.0,3.0,5.0,5.0,3.0,3.0,5.0,3.0,5.0,5.0,3.0,3.0,1.0,4.0,3.0,4.0,sporting,none,22589,12.92,0,618,466,Once a week
Brussels Griffon,3.0,3.0,4.0,3.0,3.0,5.0,5.0,3.0,4.0,3.0,3.0,3.0,5.0,3.0,3.0,2.0,1.0,4.0,3.0,3.0,5.0,3.0,1.0,5.0,1.0,4.0,1.0,1.0,2.0,5.0,toy,none,19551,12.0,0,833,324,Once a week
Bull Terrier,3.0,5.0,5.0,3.0,4.0,4.0,5.0,3.0,4.0,1.0,5.0,5.0,4.0,5.0,4.0,4.0,5.0,4.0,5.0,4.0,5.0,5.0,4.0,5.0,2.0,1.0,2.0,1.0,4.0,5.0,terrier,"heart problems,zinc metabolism disorder",18490,10.21,2,1085,466,Once a week
Bulldog,3.0,4.0,3.0,4.0,2.0,5.0,5.0,3.0,2.0,5.0,5.0,3.0,2.0,5.0,4.0,4.0,4.0,2.0,3.0,2.0,4.0,5.0,2.0,4.0,2.0,4.0,3.0,1.0,1.0,1.0,non-sporting,"breathing,hip problems,heart problems,dry eye",13479,6.29,4,2680,466,Once a week
Bullmastiff,3.0,4.0,4.0,4.0,3.0,3.0,5.0,1.0,4.0,5.0,5.0,3.0,2.0,3.0,2.0,2.0,5.0,3.0,4.0,3.0,5.0,5.0,3.0,4.0,5.0,4.0,2.0,4.0,2.0,3.0,working,"eye problems,hip problems",13936,7.57,2,980,466,Once a week
Cairn Terrier,4.0,5.0,5.0,3.0,4.0,5.0,5.0,3.0,4.0,1.0,5.0,2.0,5.0,4.0,4.0,4.0,5.0,5.0,4.0,3.0,5.0,3.0,4.0,3.0,1.0,4.0,1.0,4.0,4.0,3.0,terrier,"lion jaw,heart problems  ",21992,13.84,2,435,324,Once a week
Canaan Dog,4.0,3.0,4.0,3.0,3.0,4.0,4.0,4.0,3.0,1.0,5.0,5.0,4.0,2.0,5.0,4.0,2.0,4.0,3.0,3.0,4.0,2.0,3.0,4.0,3.0,3.0,3.0,3.0,5.0,2.0,,,,,,,,
Cane Corso,2.0,3.0,4.0,4.0,4.0,1.0,4.0,3.0,3.0,4.0,5.0,4.0,4.0,2.0,3.0,1.0,2.0,5.0,3.0,2.0,2.0,4.0,5.0,3.0,4.0,3.0,1.0,3.0,4.0,2.0,,,,,,,,
Cardigan Welsh Corgi,4.0,4.0,3.0,3.0,3.0,4.0,5.0,4.0,3.0,1.0,3.0,4.0,3.0,3.0,4.0,4.0,4.0,5.0,3.0,2.0,4.0,4.0,4.0,4.0,2.0,2.0,3.0,4.0,3.0,3.0,,,,,,,,
Catahoula Leopard Dog,2.0,3.0,4.0,3.0,3.0,1.0,5.0,3.0,1.0,1.0,5.0,2.0,4.0,1.0,3.0,1.0,3.0,3.0,3.0,3.0,2.0,3.0,1.0,2.0,4.0,3.0,2.0,3.0,3.0,3.0,,,,,,,,
Caucasian Shepherd Dog,3.0,3.0,3.0,4.0,3.0,2.0,4.0,4.0,2.0,4.0,2.0,2.0,2.0,2.0,3.0,1.0,2.0,4.0,4.0,4.0,3.0,4.0,3.0,2.0,5.0,3.0,3.0,5.0,2.0,2.0,,,,,,,,
Cavalier King Charles Spaniel,4.0,5.0,4.0,3.0,3.0,5.0,5.0,3.0,5.0,1.0,4.0,4.0,3.0,5.0,4.0,5.0,5.0,4.0,2.0,3.0,5.0,4.0,3.0,5.0,2.0,3.0,1.0,3.0,2.0,2.0,toy,"heart problems,spinal problems",18639,11.29,2,1017,324,Once a week
Cesky Terrier,4.0,3.0,3.0,3.0,3.0,5.0,5.0,1.0,2.0,1.0,4.0,4.0,2.0,3.0,5.0,4.0,3.0,3.0,3.0,3.0,5.0,4.0,2.0,4.0,2.0,3.0,3.0,3.0,3.0,3.0,,,,,,,,
Chesapeake Bay Retriever,3.0,3.0,5.0,4.0,3.0,1.0,5.0,5.0,1.0,3.0,5.0,3.0,5.0,1.0,4.0,1.0,3.0,4.0,5.0,3.0,4.0,4.0,3.0,3.0,3.0,3.0,2.0,4.0,4.0,4.0,sporting,hip problems,16697,9.48,1,522,466,Once a week
Chihuahua,3.0,4.0,3.0,2.0,3.0,5.0,5.0,2.0,2.0,1.0,5.0,4.0,3.0,2.0,2.0,4.0,5.0,4.0,2.0,3.0,4.0,3.0,3.0,5.0,1.0,3.0,1.0,1.0,2.0,2.0,toy,knee problems,26250,16.5,1,588,324,Once a week
Chinese Crested,3.0,4.0,2.0,2.0,3.0,5.0,4.0,2.0,4.0,1.0,2.0,4.0,2.0,4.0,5.0,3.0,5.0,3.0,1.0,4.0,3.0,2.0,3.0,5.0,2.0,3.0,1.0,1.0,3.0,1.0,,,,,,,,
Chinese Shar-Pei,3.0,2.0,2.0,3.0,3.0,4.0,2.0,5.0,1.0,2.0,5.0,3.0,2.0,2.0,1.0,2.0,2.0,2.0,1.0,5.0,1.0,4.0,2.0,2.0,3.0,5.0,4.0,2.0,1.0,2.0,,,,,,,,
Chinook,3.0,5.0,3.0,3.0,3.0,4.0,5.0,5.0,5.0,1.0,2.0,4.0,3.0,4.0,4.0,1.0,5.0,5.0,3.0,3.0,4.0,3.0,2.0,5.0,4.0,2.0,1.0,5.0,4.0,2.0,,,,,,,,
Chow Chow,3.0,1.0,2.0,3.0,2.0,3.0,2.0,1.0,1.0,3.0,1.0,2.0,2.0,1.0,2.0,2.0,1.0,1.0,2.0,5.0,1.0,4.0,2.0,2.0,4.0,1.0,5.0,5.0,2.0,2.0,non-sporting,"eye problems,hip problems",15898,9.01,2,515,466,Daily
Clumber Spaniel,4.0,4.0,3.0,4.0,4.0,5.0,5.0,5.0,4.0,5.0,1.0,4.0,3.0,3.0,2.0,5.0,3.0,3.0,1.0,5.0,5.0,5.0,5.0,4.0,3.0,1.0,2.0,5.0,2.0,4.0,sporting,none,18084,10.0,0,1033,466,Once a week
Cockapoo,4.0,5.0,4.0,2.0,3.0,4.0,5.0,1.0,5.0,1.0,3.0,4.0,3.0,4.0,2.0,5.0,4.0,4.0,3.0,2.0,5.0,3.0,3.0,4.0,2.0,2.0,3.0,4.0,4.0,3.0,,,,,,,,
Cocker Spaniel,4.0,4.0,3.0,3.0,4.0,5.0,5.0,3.0,4.0,1.0,1.0,5.0,4.0,3.0,4.0,3.0,3.0,4.0,2.0,4.0,4.0,4.0,5.0,5.0,2.0,3.0,1.0,4.0,3.0,4.0,sporting,"eye problems,skin problems",24330,12.5,2,465,674,Once a week
Collie,4.0,5.0,3.0,3.0,3.0,3.0,5.0,5.0,4.0,1.0,2.0,4.0,3.0,4.0,3.0,4.0,5.0,4.0,2.0,3.0,4.0,3.0,4.0,5.0,3.0,4.0,2.0,4.0,3.0,1.0,,,,,,,,
Coton de Tulear,4.0,5.0,3.0,2.0,3.0,5.0,5.0,1.0,5.0,1.0,2.0,3.0,3.0,5.0,5.0,4.0,5.0,4.0,2.0,3.0,5.0,3.0,1.0,5.0,1.0,2.0,1.0,3.0,3.0,3.0,,,,,,,,
Curly-Coated Retriever,3.0,4.0,4.0,3.0,4.0,1.0,5.0,3.0,4.0,2.0,3.0,4.0,5.0,3.0,2.0,3.0,5.0,5.0,3.0,5.0,5.0,3.0,5.0,3.0,3.0,3.0,3.0,4.0,4.0,4.0,,,,,,,,
Dachshund,3.0,3.0,3.0,3.0,4.0,5.0,4.0,3.0,3.0,1.0,3.0,2.0,3.0,1.0,2.0,4.0,5.0,4.0,3.0,4.0,4.0,5.0,5.0,4.0,1.0,5.0,3.0,1.0,3.0,5.0,hound,"skin problems,spinal problems",20113,12.63,2,423,324,Once a week
Dalmatian,3.0,4.0,5.0,4.0,3.0,2.0,5.0,5.0,4.0,1.0,5.0,4.0,5.0,3.0,4.0,3.0,4.0,4.0,4.0,2.0,4.0,4.0,2.0,4.0,3.0,2.0,3.0,3.0,4.0,4.0,non-sporting,"deafness,urinary stones",19886,11.27,2,695,466,Once a week
Dandie Dinmont Terrier,3.0,4.0,3.0,2.0,3.0,4.0,5.0,3.0,3.0,1.0,2.0,2.0,3.0,3.0,3.0,4.0,4.0,3.0,3.0,3.0,4.0,4.0,4.0,3.0,1.0,2.0,2.0,3.0,3.0,3.0,terrier,none,21633,12.17,0,925,466,Daily
Doberman Pinscher,3.0,3.0,4.0,4.0,3.0,3.0,5.0,4.0,1.0,4.0,5.0,5.0,3.0,3.0,1.0,3.0,3.0,5.0,3.0,2.0,5.0,3.0,1.0,5.0,4.0,1.0,2.0,1.0,4.0,2.0,working,"heart problems,spinal problems, blood clotting disorders",18397,10.33,3,790,466,Once a week
Dogo Argentino,2.0,3.0,4.0,3.0,3.0,1.0,4.0,1.0,2.0,3.0,4.0,2.0,4.0,2.0,3.0,1.0,2.0,3.0,4.0,2.0,3.0,2.0,5.0,3.0,4.0,2.0,2.0,2.0,4.0,4.0,,,,,,,,
Dogue de Bordeaux,3.0,3.0,3.0,4.0,3.0,5.0,5.0,3.0,1.0,5.0,5.0,2.0,2.0,1.0,2.0,1.0,5.0,3.0,2.0,4.0,3.0,4.0,4.0,4.0,4.0,2.0,2.0,3.0,2.0,1.0,,,,,,,,
Dutch Shepherd,3.0,4.0,4.0,3.0,3.0,3.0,4.0,4.0,4.0,2.0,3.0,5.0,4.0,2.0,4.0,3.0,4.0,4.0,3.0,2.0,4.0,2.0,3.0,3.0,3.0,2.0,2.0,4.0,4.0,2.0,,,,,,,,
English Cocker Spaniel,4.0,5.0,4.0,3.0,4.0,5.0,5.0,3.0,5.0,1.0,3.0,4.0,5.0,5.0,4.0,4.0,5.0,5.0,3.0,3.0,5.0,5.0,5.0,5.0,2.0,4.0,1.0,4.0,3.0,4.0,sporting,none,18993,11.66,0,800,324,Once a week
English Foxhound,3.0,4.0,5.0,3.0,4.0,1.0,4.0,3.0,5.0,1.0,5.0,3.0,5.0,3.0,4.0,2.0,4.0,3.0,4.0,4.0,5.0,2.0,5.0,3.0,3.0,4.0,4.0,3.0,3.0,5.0,,,,,,,,
English Setter,3.0,5.0,4.0,3.0,4.0,1.0,5.0,3.0,5.0,2.0,3.0,3.0,4.0,5.0,3.0,3.0,5.0,5.0,2.0,4.0,5.0,5.0,5.0,4.0,3.0,4.0,1.0,4.0,3.0,5.0,sporting,"deafness,hip problems",20312,11.57,2,615,466,Once a week
English Springer Spaniel,3.0,5.0,5.0,3.0,4.0,1.0,5.0,3.0,5.0,1.0,2.0,5.0,5.0,4.0,3.0,3.0,5.0,5.0,3.0,3.0,5.0,3.0,5.0,4.0,3.0,3.0,1.0,3.0,4.0,4.0,sporting,"hip problems,eye problems,skin problems,enzyme deficiency",21946,12.54,4,615,466,Once a week
English Toy Spaniel,3.0,4.0,3.0,3.0,3.0,4.0,5.0,5.0,4.0,2.0,4.0,3.0,3.0,4.0,2.0,4.0,1.0,3.0,3.0,4.0,4.0,3.0,4.0,4.0,2.0,3.0,1.0,2.0,2.0,2.0,toy,none,17521,10.1,0,925,405,Once a week
Entlebucher Mountain Dog,3.0,4.0,5.0,3.0,4.0,1.0,5.0,3.0,3.0,1.0,5.0,3.0,5.0,2.0,3.0,2.0,5.0,4.0,4.0,4.0,5.0,3.0,4.0,4.0,3.0,5.0,3.0,4.0,2.0,3.0,,,,,,,,
Field Spaniel,3.0,5.0,5.0,3.0,4.0,1.0,5.0,3.0,4.0,1.0,4.0,5.0,5.0,4.0,3.0,3.0,5.0,5.0,3.0,3.0,5.0,4.0,4.0,4.0,2.0,2.0,1.0,3.0,4.0,5.0,,,,,,,,
Finnish Lapphund,4.0,5.0,5.0,3.0,4.0,4.0,5.0,3.0,5.0,1.0,4.0,5.0,5.0,4.0,4.0,4.0,5.0,5.0,5.0,4.0,5.0,4.0,4.0,4.0,3.0,3.0,2.0,5.0,2.0,4.0,,,,,,,,
Finnish Spitz,3.0,5.0,5.0,3.0,4.0,3.0,5.0,4.0,5.0,1.0,2.0,3.0,5.0,3.0,4.0,3.0,5.0,4.0,4.0,3.0,5.0,3.0,3.0,3.0,3.0,5.0,1.0,5.0,3.0,4.0,,,,,,,,
Flat-Coated Retriever,3.0,5.0,5.0,3.0,4.0,1.0,5.0,3.0,5.0,2.0,4.0,4.0,5.0,5.0,4.0,2.0,5.0,5.0,4.0,3.0,5.0,4.0,3.0,5.0,3.0,4.0,1.0,4.0,4.0,4.0,sporting,none,16000,9.02,0,600,466,Daily
Fox Terrier,3.0,4.0,5.0,2.0,4.0,3.0,4.0,2.0,3.0,1.0,2.0,5.0,5.0,3.0,4.0,3.0,4.0,5.0,5.0,3.0,5.0,2.0,5.0,3.0,2.0,3.0,3.0,3.0,4.0,3.0,,,,,,,,
French Bulldog,3.0,4.0,4.0,3.0,3.0,5.0,5.0,3.0,4.0,1.0,5.0,4.0,3.0,4.0,2.0,5.0,4.0,3.0,4.0,3.0,5.0,4.0,2.0,3.0,2.0,3.0,1.0,2.0,1.0,2.0,non-sporting,none,17266,9.0,0,1900,466,Once a week
German Pinscher,3.0,3.0,5.0,3.0,4.0,3.0,5.0,3.0,2.0,1.0,5.0,4.0,5.0,2.0,4.0,3.0,3.0,5.0,3.0,3.0,5.0,3.0,5.0,4.0,3.0,3.0,3.0,3.0,4.0,4.0,,,,,,,,
German Shepherd Dog,3.0,4.0,5.0,4.0,4.0,3.0,5.0,5.0,2.0,1.0,5.0,5.0,5.0,4.0,4.0,2.0,5.0,5.0,5.0,5.0,5.0,2.0,4.0,5.0,4.0,4.0,2.0,4.0,3.0,2.0,herding,"nerves,pancreas,blood (hemophilia),hip joints",17416,9.73,4,820,466,Once a week
German Shorthaired Pointer,2.0,4.0,5.0,3.0,5.0,1.0,5.0,2.0,4.0,2.0,5.0,5.0,5.0,3.0,3.0,2.0,5.0,5.0,3.0,4.0,5.0,3.0,5.0,4.0,3.0,3.0,1.0,2.0,4.0,5.0,sporting,hip problems,25842,11.46,1,545,971,Once a week
German Wirehaired Pointer,3.0,3.0,5.0,3.0,4.0,2.0,5.0,2.0,3.0,2.0,4.0,4.0,5.0,2.0,4.0,3.0,3.0,5.0,4.0,4.0,5.0,3.0,4.0,4.0,4.0,3.0,2.0,3.0,4.0,5.0,,,,,,,,
Giant Schnauzer,2.0,3.0,4.0,3.0,4.0,1.0,5.0,4.0,3.0,1.0,2.0,5.0,5.0,2.0,4.0,1.0,3.0,4.0,2.0,3.0,5.0,3.0,4.0,4.0,4.0,4.0,2.0,4.0,2.0,4.0,working,hip problems,26686,10.0,1,810,1349,Daily
Glen of Imaal Terrier,3.0,4.0,4.0,3.0,4.0,4.0,5.0,1.0,2.0,1.0,5.0,4.0,4.0,3.0,5.0,2.0,5.0,4.0,5.0,3.0,4.0,3.0,5.0,3.0,1.0,4.0,3.0,3.0,4.0,3.0,,,,,,,,
Goldador,4.0,5.0,5.0,3.0,3.0,2.0,5.0,3.0,5.0,2.0,4.0,4.0,5.0,5.0,4.0,4.0,5.0,5.0,5.0,2.0,5.0,3.0,1.0,3.0,4.0,1.0,4.0,5.0,4.0,4.0,,,,,,,,
Golden Retriever,3.0,5.0,4.0,4.0,4.0,2.0,5.0,5.0,5.0,4.0,2.0,5.0,5.0,5.0,2.0,3.0,5.0,5.0,2.0,5.0,5.0,5.0,3.0,5.0,3.0,3.0,1.0,3.0,3.0,2.0,sporting,"elbow problems,hip problems,eye problems,heart problems",21447,12.04,4,958,466,Once a week
Goldendoodle,3.0,5.0,4.0,3.0,3.0,1.0,5.0,2.0,5.0,1.0,4.0,4.0,4.0,4.0,3.0,4.0,5.0,5.0,3.0,1.0,5.0,3.0,1.0,4.0,4.0,3.0,3.0,3.0,3.0,3.0,,,,,,,,
Gordon Setter,3.0,3.0,4.0,3.0,4.0,2.0,5.0,5.0,2.0,3.0,2.0,5.0,5.0,3.0,4.0,3.0,3.0,5.0,2.0,3.0,5.0,3.0,4.0,4.0,3.0,5.0,1.0,4.0,3.0,4.0,sporting,hip problems,19605,11.1,1,700,466,Once a week
Great Dane,2.0,5.0,5.0,4.0,3.0,1.0,5.0,5.0,5.0,4.0,5.0,5.0,5.0,5.0,4.0,1.0,5.0,3.0,5.0,2.0,5.0,2.0,3.0,5.0,5.0,4.0,1.0,2.0,3.0,3.0,working,"heart problems,spinal problems,hip problems,fatal stomach bloat",14662,6.96,4,1040,710,Once a week
Great Pyrenees,3.0,4.0,5.0,4.0,4.0,1.0,5.0,5.0,4.0,2.0,4.0,1.0,5.0,3.0,2.0,1.0,4.0,4.0,5.0,2.0,4.0,4.0,5.0,4.0,5.0,5.0,3.0,5.0,3.0,5.0,,,,,,,,
Greater Swiss Mountain Dog,3.0,5.0,4.0,3.0,3.0,1.0,5.0,3.0,5.0,1.0,5.0,3.0,5.0,3.0,2.0,2.0,5.0,3.0,4.0,3.0,5.0,4.0,4.0,4.0,5.0,4.0,3.0,5.0,1.0,3.0,,,,,,,,
Greyhound,3.0,5.0,4.0,5.0,4.0,4.0,5.0,4.0,4.0,5.0,5.0,5.0,5.0,5.0,4.0,2.0,5.0,5.0,3.0,4.0,4.0,5.0,5.0,5.0,4.0,2.0,1.0,1.0,5.0,5.0,hound,blood vessel disorders,15819,9.36,1,1175,324,Once a week
Harrier,3.0,5.0,5.0,3.0,4.0,1.0,4.0,3.0,5.0,1.0,5.0,2.0,5.0,5.0,5.0,3.0,5.0,4.0,4.0,3.0,5.0,3.0,4.0,2.0,3.0,4.0,3.0,3.0,4.0,5.0,,,,,,,,
Havanese,4.0,5.0,3.0,2.0,3.0,5.0,5.0,2.0,5.0,1.0,1.0,5.0,3.0,5.0,3.0,5.0,4.0,4.0,2.0,3.0,5.0,4.0,4.0,4.0,2.0,2.0,1.0,3.0,4.0,2.0,,,,,,,,
Ibizan Hound,3.0,5.0,5.0,3.0,4.0,5.0,5.0,3.0,5.0,1.0,5.0,3.0,5.0,4.0,4.0,3.0,5.0,4.0,3.0,3.0,5.0,1.0,5.0,4.0,3.0,2.0,2.0,1.0,4.0,5.0,,,,,,,,
Icelandic Sheepdog,3.0,3.0,4.0,3.0,3.0,1.0,4.0,5.0,2.0,1.0,1.0,3.0,4.0,2.0,3.0,1.0,4.0,4.0,5.0,3.0,4.0,3.0,4.0,3.0,3.0,1.0,2.0,5.0,3.0,4.0,,,,,,,,
Irish Red and White Setter,3.0,4.0,5.0,2.0,4.0,1.0,5.0,3.0,4.0,1.0,3.0,4.0,5.0,4.0,2.0,3.0,4.0,4.0,5.0,4.0,5.0,2.0,3.0,4.0,3.0,3.0,1.0,4.0,3.0,4.0,,,,,,,,
Irish Setter,3.0,5.0,5.0,3.0,5.0,1.0,5.0,4.0,5.0,2.0,3.0,4.0,5.0,5.0,2.0,3.0,5.0,5.0,3.0,5.0,5.0,3.0,5.0,4.0,4.0,4.0,2.0,4.0,3.0,5.0,sporting,"hip problems,eye problems",20323,11.63,2,525,466,Once a week
Irish Terrier,3.0,4.0,5.0,3.0,3.0,3.0,5.0,4.0,1.0,1.0,2.0,1.0,5.0,3.0,5.0,2.0,5.0,4.0,4.0,1.0,5.0,3.0,2.0,3.0,3.0,4.0,2.0,4.0,4.0,3.0,,,,,,,,
Irish Water Spaniel,3.0,5.0,4.0,2.0,4.0,3.0,5.0,1.0,4.0,2.0,3.0,5.0,5.0,5.0,2.0,2.0,5.0,4.0,3.0,3.0,4.0,3.0,5.0,4.0,3.0,4.0,3.0,4.0,4.0,3.0,,,,,,,,
Irish Wolfhound,2.0,5.0,3.0,3.0,3.0,1.0,5.0,3.0,5.0,1.0,3.0,3.0,2.0,5.0,1.0,2.0,5.0,4.0,2.0,3.0,4.0,3.0,5.0,3.0,5.0,1.0,2.0,4.0,2.0,3.0,hound,"heart problems,liver,hip problems",18435,6.94,3,1333,1217,Once a week
Italian Greyhound,3.0,5.0,4.0,3.0,4.0,5.0,5.0,2.0,4.0,1.0,5.0,3.0,4.0,4.0,3.0,5.0,5.0,3.0,2.0,4.0,4.0,2.0,5.0,5.0,2.0,3.0,1.0,1.0,3.0,3.0,toy,none,16463,10.02,0,800,324,Once a week
Jack Russell Terrier,3.0,5.0,5.0,3.0,4.0,3.0,5.0,3.0,5.0,1.0,3.0,4.0,5.0,4.0,4.0,2.0,4.0,5.0,5.0,4.0,5.0,4.0,5.0,3.0,2.0,4.0,3.0,4.0,3.0,4.0,,,,,,,,
Japanese Chin,3.0,3.0,2.0,2.0,3.0,5.0,3.0,3.0,3.0,1.0,3.0,3.0,2.0,4.0,3.0,4.0,3.0,3.0,1.0,4.0,4.0,3.0,3.0,3.0,1.0,3.0,1.0,3.0,2.0,1.0,,,,,,,,
Japanese Spitz,3.0,4.0,3.0,3.0,3.0,4.0,4.0,3.0,4.0,1.0,4.0,4.0,3.0,2.0,3.0,4.0,5.0,4.0,2.0,2.0,4.0,2.0,2.0,3.0,2.0,4.0,2.0,4.0,3.0,2.0,,,,,,,,
Karelian Bear Dog,3.0,3.0,4.0,3.0,4.0,2.0,4.0,3.0,1.0,1.0,4.0,2.0,4.0,2.0,4.0,1.0,3.0,4.0,5.0,4.0,4.0,2.0,5.0,4.0,3.0,4.0,2.0,5.0,3.0,5.0,,,,,,,,
Keeshond,4.0,5.0,4.0,3.0,3.0,4.0,5.0,5.0,4.0,1.0,3.0,4.0,4.0,4.0,3.0,4.0,5.0,4.0,3.0,3.0,5.0,4.0,3.0,5.0,3.0,4.0,1.0,5.0,3.0,2.0,,,,,,,,
Kerry Blue Terrier,3.0,4.0,4.0,2.0,4.0,3.0,4.0,1.0,2.0,1.0,2.0,4.0,4.0,5.0,3.0,2.0,4.0,4.0,4.0,4.0,4.0,3.0,3.0,3.0,3.0,4.0,3.0,4.0,3.0,3.0,terrier,heart problems,17240,9.4,1,1200,466,Daily
Komondor,3.0,3.0,3.0,3.0,4.0,2.0,5.0,3.0,1.0,2.0,2.0,4.0,2.0,1.0,2.0,1.0,3.0,4.0,1.0,3.0,4.0,3.0,2.0,4.0,4.0,5.0,1.0,4.0,3.0,4.0,,,,,,,,
Kooikerhondje,3.0,2.0,5.0,3.0,3.0,4.0,3.0,3.0,2.0,1.0,2.0,1.0,4.0,2.0,5.0,3.0,2.0,4.0,5.0,3.0,4.0,3.0,3.0,4.0,3.0,3.0,2.0,4.0,3.0,3.0,,,,,,,,
Kuvasz,3.0,2.0,4.0,4.0,2.0,1.0,5.0,4.0,2.0,3.0,4.0,2.0,4.0,1.0,4.0,1.0,1.0,4.0,4.0,1.0,4.0,4.0,1.0,5.0,5.0,3.0,1.0,5.0,2.0,3.0,,,,,,,,
Labradoodle,4.0,5.0,5.0,3.0,3.0,3.0,5.0,3.0,5.0,1.0,4.0,4.0,5.0,5.0,4.0,4.0,4.0,4.0,4.0,1.0,5.0,3.0,2.0,3.0,4.0,2.0,4.0,5.0,4.0,3.0,,,,,,,,
Labrador Retriever,3.0,5.0,5.0,4.0,4.0,1.0,5.0,5.0,5.0,3.0,5.0,5.0,5.0,5.0,3.0,3.0,5.0,5.0,5.0,5.0,5.0,5.0,2.0,5.0,4.0,4.0,2.0,3.0,3.0,3.0,sporting,"elbow problems,hip problems,eye problems",21299,12.04,3,810,466,Once a week
Lagotto Romagnolo,3.0,3.0,4.0,2.0,3.0,2.0,3.0,1.0,3.0,2.0,1.0,4.0,4.0,3.0,4.0,4.0,3.0,4.0,2.0,2.0,4.0,3.0,4.0,3.0,2.0,3.0,3.0,4.0,3.0,3.0,,,,,,,,
Lakeland Terrier,3.0,4.0,4.0,3.0,3.0,4.0,5.0,2.0,3.0,1.0,2.0,2.0,5.0,3.0,5.0,3.0,4.0,4.0,4.0,1.0,4.0,3.0,4.0,3.0,2.0,2.0,2.0,4.0,4.0,3.0,,,,,,,,
Lancashire Heeler,3.0,3.0,4.0,3.0,3.0,2.0,4.0,3.0,3.0,1.0,4.0,3.0,4.0,2.0,4.0,2.0,3.0,4.0,4.0,2.0,4.0,4.0,2.0,3.0,1.0,2.0,3.0,3.0,3.0,4.0,,,,,,,,
Leonberger,2.0,4.0,4.0,4.0,3.0,1.0,5.0,5.0,3.0,3.0,4.0,2.0,4.0,2.0,1.0,1.0,4.0,3.0,4.0,4.0,4.0,4.0,4.0,4.0,5.0,3.0,2.0,5.0,1.0,2.0,,,,,,,,
Lhasa Apso,4.0,3.0,4.0,2.0,3.0,5.0,4.0,3.0,3.0,1.0,1.0,3.0,4.0,2.0,3.0,5.0,4.0,4.0,3.0,3.0,5.0,3.0,4.0,5.0,1.0,4.0,4.0,3.0,2.0,2.0,non-sporting,'dry eye',22031,13.92,1,350,324,Once a week
Lowchen,3.0,5.0,4.0,3.0,4.0,5.0,5.0,3.0,4.0,1.0,3.0,5.0,4.0,4.0,5.0,4.0,5.0,4.0,3.0,3.0,5.0,3.0,4.0,3.0,1.0,4.0,1.0,3.0,3.0,5.0,,,,,,,,
Maltese,3.0,4.0,3.0,2.0,3.0,5.0,5.0,2.0,4.0,1.0,2.0,4.0,3.0,2.0,3.0,5.0,3.0,4.0,3.0,3.0,4.0,3.0,4.0,4.0,1.0,2.0,1.0,1.0,3.0,1.0,toy,heart problems,19084,12.25,1,650,270,Daily
Maltese Shih Tzu,3.0,3.0,3.0,2.0,4.0,5.0,4.0,1.0,3.0,1.0,2.0,4.0,3.0,3.0,2.0,5.0,3.0,3.0,2.0,4.0,3.0,3.0,5.0,3.0,1.0,4.0,3.0,2.0,2.0,1.0,,,,,,,,
Maltipoo,4.0,4.0,3.0,2.0,4.0,5.0,5.0,1.0,4.0,1.0,3.0,5.0,3.0,4.0,2.0,5.0,4.0,4.0,3.0,3.0,4.0,2.0,2.0,5.0,2.0,5.0,1.0,2.0,3.0,4.0,,,,,,,,
Manchester Terrier,3.0,3.0,4.0,3.0,3.0,5.0,4.0,3.0,3.0,1.0,5.0,2.0,4.0,3.0,2.0,3.0,3.0,4.0,4.0,2.0,4.0,4.0,4.0,3.0,2.0,4.0,3.0,1.0,3.0,4.0,,,,,,,,
Mastiff,2.0,4.0,4.0,4.0,2.0,2.0,5.0,3.0,2.0,5.0,3.0,3.0,3.0,2.0,3.0,1.0,5.0,2.0,3.0,4.0,4.0,4.0,2.0,3.0,5.0,2.0,3.0,4.0,1.0,1.0,working,"hip problems,heart problems",13581,6.5,2,900,701,Once a week
Miniature Pinscher,3.0,3.0,4.0,3.0,3.0,5.0,5.0,2.0,2.0,1.0,5.0,3.0,4.0,3.0,3.0,3.0,3.0,3.0,3.0,2.0,5.0,5.0,3.0,5.0,1.0,1.0,2.0,1.0,3.0,5.0,,,,,,,,
Miniature Schnauzer,4.0,4.0,4.0,2.0,4.0,4.0,5.0,2.0,3.0,1.0,2.0,5.0,5.0,3.0,3.0,3.0,3.0,4.0,3.0,2.0,4.0,4.0,4.0,4.0,2.0,3.0,5.0,4.0,4.0,3.0,terrier,"liver,sinus problems",20087,11.81,2,715,405,Once a week
Mudi,3.0,3.0,4.0,3.0,4.0,2.0,4.0,3.0,2.0,1.0,4.0,5.0,4.0,2.0,4.0,4.0,2.0,4.0,2.0,3.0,4.0,2.0,4.0,4.0,2.0,4.0,2.0,3.0,3.0,4.0,,,,,,,,
Mutt,3.0,3.0,3.0,3.0,3.0,3.0,4.0,3.0,3.0,3.0,3.0,4.0,3.0,3.0,4.0,3.0,3.0,4.0,3.0,3.0,3.0,3.0,3.0,3.0,3.0,3.0,3.0,3.0,3.0,3.0,,,,,,,,
Neapolitan Mastiff,2.0,3.0,3.0,4.0,2.0,2.0,5.0,3.0,2.0,5.0,3.0,3.0,3.0,1.0,2.0,1.0,4.0,3.0,1.0,2.0,4.0,5.0,1.0,4.0,5.0,1.0,1.0,1.0,2.0,1.0,,,,,,,,
Newfoundland,3.0,5.0,3.0,4.0,4.0,1.0,5.0,5.0,4.0,5.0,2.0,5.0,3.0,4.0,1.0,3.0,5.0,4.0,1.0,3.0,4.0,4.0,4.0,4.0,5.0,4.0,1.0,5.0,2.0,3.0,working,"hip problems, heart defects",19351,9.32,2,1178,710,Once a week
Norfolk Terrier,4.0,5.0,4.0,3.0,3.0,4.0,5.0,1.0,5.0,1.0,4.0,5.0,4.0,4.0,5.0,5.0,4.0,4.0,4.0,2.0,5.0,5.0,1.0,4.0,1.0,3.0,3.0,4.0,4.0,4.0,terrier,none,24308,13.07,0,2083,466,Once a week
Norwegian Buhund,3.0,4.0,5.0,3.0,3.0,3.0,5.0,3.0,3.0,1.0,2.0,4.0,4.0,3.0,4.0,3.0,5.0,3.0,4.0,3.0,5.0,3.0,2.0,3.0,3.0,4.0,4.0,5.0,2.0,4.0,,,,,,,,
Norwegian Elkhound,4.0,4.0,4.0,3.0,4.0,4.0,5.0,5.0,4.0,1.0,3.0,2.0,5.0,4.0,4.0,4.0,4.0,4.0,3.0,3.0,4.0,4.0,4.0,4.0,3.0,4.0,2.0,5.0,3.0,4.0,,,,,,,,
Norwegian Lundehund,3.0,5.0,5.0,3.0,3.0,1.0,5.0,5.0,5.0,1.0,4.0,4.0,4.0,5.0,3.0,1.0,5.0,5.0,4.0,3.0,5.0,3.0,2.0,3.0,3.0,1.0,2.0,5.0,3.0,5.0,,,,,,,,
Norwich Terrier,4.0,5.0,5.0,3.0,4.0,5.0,5.0,2.0,5.0,1.0,2.0,4.0,5.0,5.0,4.0,3.0,5.0,4.0,4.0,4.0,5.0,5.0,3.0,4.0,1.0,4.0,2.0,4.0,4.0,4.0,,,,,,,,
Nova Scotia Duck Tolling Retriever,4.0,5.0,5.0,3.0,4.0,5.0,5.0,3.0,4.0,1.0,5.0,4.0,5.0,4.0,4.0,3.0,5.0,5.0,3.0,4.0,5.0,4.0,5.0,3.0,3.0,4.0,2.0,4.0,4.0,3.0,,,,,,,,
Old English Sheepdog,4.0,4.0,4.0,3.0,3.0,5.0,5.0,1.0,4.0,4.0,1.0,3.0,4.0,4.0,4.0,4.0,4.0,4.0,3.0,2.0,4.0,4.0,3.0,4.0,4.0,1.0,2.0,4.0,2.0,2.0,herding,hip problems,22611,11.19,1,832,710,Daily
Otterhound,3.0,5.0,5.0,3.0,4.0,1.0,5.0,4.0,5.0,1.0,2.0,2.0,5.0,4.0,4.0,4.0,5.0,4.0,4.0,3.0,5.0,3.0,5.0,2.0,4.0,2.0,5.0,4.0,3.0,5.0,,,,,,,,
Papillon,3.0,4.0,4.0,2.0,3.0,5.0,5.0,2.0,4.0,1.0,3.0,5.0,4.0,5.0,3.0,5.0,3.0,4.0,3.0,3.0,5.0,3.0,4.0,3.0,1.0,2.0,1.0,2.0,4.0,1.0,toy,"cataracts,hair loss,heart problems,eye problems,blood clotting disorders",21001,13.0,5,740,324,Once a week
Peekapoo,4.0,4.0,3.0,2.0,3.0,5.0,5.0,2.0,4.0,1.0,2.0,3.0,3.0,3.0,3.0,5.0,4.0,4.0,2.0,4.0,4.0,4.0,3.0,4.0,1.0,4.0,2.0,3.0,2.0,1.0,,,,,,,,
Pekingese,3.0,3.0,2.0,2.0,4.0,5.0,5.0,4.0,2.0,1.0,1.0,3.0,2.0,2.0,2.0,4.0,2.0,4.0,1.0,3.0,3.0,3.0,5.0,2.0,1.0,4.0,3.0,4.0,1.0,3.0,toy,knee problems,20565,11.56,1,885,466,Daily
Pembroke Welsh Corgi,4.0,4.0,4.0,3.0,3.0,4.0,5.0,5.0,3.0,1.0,4.0,5.0,4.0,5.0,3.0,4.0,4.0,5.0,3.0,2.0,4.0,4.0,3.0,4.0,2.0,2.0,3.0,4.0,3.0,2.0,herding,"cataracts,eye problems,connective tissue,nerves,kidneys,spinal problems,blood clotting disorders",23978,12.25,7,587,674,Once a week
Petit Basset Griffon Vendeen,3.0,5.0,5.0,3.0,4.0,4.0,5.0,4.0,5.0,1.0,2.0,1.0,5.0,5.0,3.0,3.0,5.0,4.0,4.0,3.0,5.0,4.0,5.0,3.0,2.0,5.0,3.0,4.0,3.0,5.0,,,,,,,,
Pharaoh Hound,4.0,5.0,3.0,3.0,4.0,4.0,5.0,2.0,5.0,1.0,4.0,3.0,2.0,4.0,5.0,4.0,5.0,4.0,3.0,4.0,4.0,3.0,5.0,5.0,3.0,4.0,2.0,1.0,5.0,4.0,hound,none,21047,11.83,0,913,466,Once a week
Plott,2.0,4.0,4.0,3.0,4.0,1.0,4.0,2.0,5.0,1.0,5.0,4.0,4.0,3.0,5.0,1.0,3.0,3.0,4.0,3.0,3.0,3.0,5.0,4.0,3.0,1.0,2.0,2.0,4.0,5.0,,,,,,,,
Pocket Beagle,3.0,5.0,4.0,3.0,4.0,4.0,5.0,3.0,5.0,1.0,5.0,3.0,4.0,4.0,3.0,3.0,5.0,4.0,4.0,4.0,4.0,5.0,3.0,4.0,2.0,5.0,2.0,2.0,4.0,5.0,,,,,,,,
Pointer,2.0,5.0,5.0,3.0,5.0,1.0,5.0,3.0,5.0,1.0,5.0,5.0,5.0,5.0,3.0,1.0,5.0,5.0,5.0,5.0,5.0,3.0,5.0,3.0,3.0,3.0,1.0,2.0,4.0,5.0,sporting,hip problems,24445,12.42,1,294,710,Once a week
Polish Lowland Sheepdog,4.0,4.0,4.0,2.0,3.0,4.0,5.0,1.0,3.0,1.0,1.0,4.0,4.0,3.0,4.0,2.0,4.0,4.0,3.0,3.0,4.0,3.0,3.0,4.0,3.0,2.0,3.0,4.0,4.0,3.0,,,,,,,,
Pomeranian,3.0,3.0,3.0,3.0,3.0,4.0,5.0,4.0,2.0,1.0,2.0,4.0,3.0,3.0,3.0,4.0,2.0,4.0,2.0,2.0,3.0,4.0,2.0,4.0,1.0,5.0,1.0,4.0,2.0,1.0,toy,heart problems,15792,9.67,1,670,324,Once a week
Pomsky,3.0,3.0,3.0,3.0,4.0,5.0,5.0,4.0,3.0,1.0,2.0,3.0,4.0,3.0,3.0,2.0,2.0,4.0,2.0,3.0,4.0,3.0,4.0,4.0,2.0,5.0,1.0,5.0,3.0,2.0,,,,,,,,
Poodle,4.0,5.0,4.0,2.0,4.0,5.0,5.0,1.0,4.0,1.0,1.0,5.0,4.0,4.0,2.0,5.0,5.0,5.0,3.0,4.0,5.0,4.0,2.0,4.0,4.0,2.0,1.0,3.0,4.0,3.0,non-sporting,"fatal stomach bloat,skin disorder",21237,11.95,2,900,466,Once a week
Portuguese Water Dog,3.0,5.0,5.0,2.0,4.0,4.0,5.0,1.0,5.0,1.0,2.0,4.0,5.0,3.0,4.0,3.0,5.0,5.0,3.0,5.0,5.0,3.0,3.0,4.0,3.0,3.0,2.0,4.0,3.0,3.0,,,,,,,,
Pug,3.0,4.0,4.0,3.0,2.0,5.0,5.0,5.0,4.0,1.0,5.0,3.0,3.0,4.0,1.0,5.0,4.0,2.0,4.0,2.0,5.0,5.0,3.0,3.0,2.0,2.0,1.0,2.0,1.0,2.0,toy,'dry eye',18527,11.0,1,469,405,Once a week
Puggle,4.0,5.0,3.0,3.0,3.0,4.0,3.0,3.0,5.0,1.0,5.0,2.0,3.0,5.0,4.0,5.0,5.0,3.0,2.0,3.0,3.0,5.0,2.0,3.0,2.0,4.0,3.0,3.0,3.0,5.0,,,,,,,,
Puli,3.0,4.0,5.0,2.0,4.0,4.0,5.0,1.0,5.0,1.0,1.0,2.0,5.0,2.0,5.0,1.0,5.0,4.0,5.0,3.0,5.0,3.0,4.0,4.0,3.0,4.0,2.0,4.0,3.0,5.0,,,,,,,,
Pyrenean Shepherd,3.0,4.0,5.0,2.0,3.0,5.0,5.0,3.0,2.0,1.0,3.0,2.0,4.0,2.0,2.0,2.0,5.0,4.0,5.0,3.0,5.0,3.0,4.0,4.0,2.0,5.0,1.0,4.0,3.0,2.0,,,,,,,,
Rat Terrier,3.0,4.0,5.0,3.0,3.0,5.0,4.0,4.0,3.0,1.0,5.0,5.0,5.0,4.0,4.0,3.0,5.0,4.0,4.0,2.0,5.0,3.0,4.0,4.0,1.0,1.0,3.0,1.0,4.0,4.0,,,,,,,,
Redbone Coonhound,3.0,4.0,5.0,3.0,4.0,4.0,5.0,2.0,4.0,4.0,5.0,3.0,4.0,3.0,3.0,2.0,5.0,4.0,4.0,4.0,5.0,3.0,4.0,5.0,3.0,4.0,2.0,3.0,2.0,5.0,,,,,,,,
Rhodesian Ridgeback,3.0,4.0,5.0,4.0,3.0,1.0,5.0,4.0,4.0,1.0,5.0,2.0,4.0,3.0,4.0,2.0,4.0,4.0,4.0,3.0,5.0,3.0,5.0,4.0,4.0,1.0,2.0,3.0,3.0,5.0,hound,"birth defects,hip problems",16530,9.1,2,995,466,Once a week
Rottweiler,2.0,4.0,4.0,4.0,4.0,2.0,5.0,4.0,2.0,4.0,5.0,4.0,4.0,4.0,2.0,1.0,4.0,5.0,4.0,3.0,5.0,5.0,4.0,4.0,3.0,4.0,1.0,2.0,3.0,2.0,working,"heart problems,elbow problems,hip problems",18886,9.11,3,1118,710,Once a week
Saint Bernard,3.0,5.0,3.0,4.0,2.0,3.0,5.0,4.0,5.0,5.0,2.0,2.0,3.0,5.0,2.0,2.0,5.0,4.0,2.0,3.0,4.0,4.0,1.0,4.0,5.0,1.0,1.0,5.0,1.0,2.0,working,"heart problems,hip disorders,fatal stomach bloat",20022,7.78,3,875,1217,Daily
Saluki,2.0,4.0,4.0,3.0,4.0,1.0,5.0,2.0,4.0,1.0,4.0,4.0,5.0,1.0,4.0,2.0,4.0,4.0,2.0,4.0,5.0,1.0,5.0,5.0,4.0,1.0,1.0,2.0,3.0,5.0,hound,none,24866,12.0,0,1525,710,Daily
Samoyed,3.0,5.0,4.0,3.0,4.0,2.0,5.0,5.0,5.0,2.0,1.0,3.0,5.0,5.0,3.0,2.0,5.0,3.0,2.0,3.0,5.0,4.0,5.0,4.0,3.0,3.0,2.0,5.0,1.0,4.0,working,hip problems,25352,12.44,1,1162,710,Once a week
Schipperke,3.0,3.0,5.0,3.0,3.0,4.0,4.0,3.0,2.0,1.0,5.0,2.0,5.0,2.0,4.0,4.0,5.0,4.0,3.0,3.0,5.0,5.0,2.0,4.0,1.0,4.0,3.0,3.0,2.0,5.0,,,,,,,,
Schnoodle,3.0,4.0,4.0,3.0,3.0,3.0,4.0,2.0,3.0,1.0,4.0,4.0,4.0,3.0,3.0,5.0,5.0,5.0,3.0,3.0,4.0,4.0,3.0,4.0,4.0,2.0,2.0,2.0,4.0,3.0,,,,,,,,
Scottish Deerhound,3.0,4.0,5.0,3.0,3.0,1.0,5.0,5.0,2.0,1.0,2.0,2.0,5.0,5.0,3.0,1.0,4.0,3.0,5.0,4.0,5.0,4.0,5.0,3.0,5.0,1.0,2.0,4.0,4.0,4.0,,,,,,,,
Scottish Terrier,3.0,4.0,4.0,2.0,3.0,4.0,5.0,2.0,4.0,1.0,2.0,1.0,4.0,4.0,4.0,2.0,4.0,4.0,4.0,3.0,4.0,3.0,3.0,4.0,2.0,4.0,3.0,4.0,3.0,5.0,terrier,blood clotting disorder,17525,10.69,1,829,324,Daily
Sealyham Terrier,4.0,4.0,4.0,3.0,3.0,4.0,4.0,4.0,4.0,3.0,1.0,3.0,4.0,3.0,5.0,4.0,4.0,4.0,2.0,2.0,4.0,3.0,2.0,4.0,2.0,2.0,2.0,4.0,3.0,3.0,,,,,,,,
Shetland Sheepdog,3.0,5.0,4.0,3.0,3.0,2.0,5.0,5.0,4.0,1.0,2.0,5.0,4.0,5.0,4.0,3.0,5.0,5.0,2.0,1.0,4.0,3.0,3.0,5.0,1.0,1.0,2.0,4.0,3.0,2.0,herding,"eye problems,deafness,skin problems,heart problems,blood clotting disorders",21006,12.53,5,465,405,Daily
Shiba Inu,4.0,3.0,3.0,3.0,4.0,5.0,4.0,4.0,3.0,1.0,4.0,2.0,4.0,3.0,3.0,4.0,3.0,4.0,2.0,4.0,3.0,2.0,3.0,3.0,2.0,4.0,5.0,4.0,3.0,4.0,,,,,,,,
Shih Tzu,3.0,5.0,3.0,2.0,3.0,5.0,5.0,3.0,4.0,1.0,1.0,3.0,2.0,5.0,3.0,5.0,4.0,4.0,3.0,4.0,4.0,4.0,4.0,3.0,1.0,2.0,3.0,3.0,1.0,2.0,toy,eye problems,21152,13.2,1,583,324,Daily
Siberian Husky,3.0,5.0,5.0,3.0,4.0,2.0,5.0,3.0,5.0,3.0,2.0,2.0,5.0,5.0,4.0,1.0,5.0,3.0,3.0,4.0,5.0,2.0,3.0,4.0,3.0,5.0,1.0,5.0,3.0,5.0,working,none,22049,12.58,0,650,466,Once in a few weeks
Silken Windhound,4.0,4.0,4.0,3.0,4.0,4.0,5.0,2.0,3.0,2.0,4.0,5.0,4.0,4.0,4.0,4.0,4.0,4.0,2.0,3.0,5.0,2.0,5.0,4.0,3.0,1.0,2.0,4.0,4.0,4.0,,,,,,,,
Silky Terrier,3.0,3.0,4.0,3.0,4.0,5.0,4.0,2.0,2.0,1.0,4.0,4.0,4.0,3.0,4.0,3.0,3.0,4.0,4.0,2.0,4.0,3.0,5.0,3.0,1.0,4.0,3.0,1.0,4.0,3.0,,,,,,,,
Skye Terrier,4.0,4.0,4.0,3.0,4.0,4.0,4.0,3.0,2.0,1.0,3.0,2.0,3.0,5.0,5.0,4.0,4.0,4.0,4.0,3.0,4.0,3.0,4.0,3.0,2.0,4.0,2.0,4.0,4.0,4.0,,,,,,,,
Sloughi,3.0,4.0,4.0,3.0,3.0,4.0,5.0,3.0,4.0,1.0,5.0,3.0,5.0,3.0,3.0,2.0,5.0,4.0,3.0,3.0,3.0,2.0,5.0,4.0,4.0,2.0,3.0,2.0,3.0,3.0,,,,,,,,
Small Munsterlander Pointer,3.0,5.0,5.0,3.0,4.0,1.0,5.0,3.0,5.0,1.0,3.0,5.0,4.0,4.0,5.0,2.0,5.0,5.0,5.0,3.0,4.0,3.0,5.0,3.0,3.0,3.0,4.0,5.0,3.0,4.0,,,,,,,,
Soft Coated Wheaten Terrier,3.0,5.0,4.0,3.0,3.0,5.0,5.0,2.0,5.0,1.0,3.0,4.0,4.0,5.0,4.0,4.0,5.0,4.0,3.0,2.0,5.0,3.0,3.0,4.0,3.0,3.0,2.0,2.0,3.0,4.0,,,,,,,,
Stabyhoun,3.0,4.0,4.0,3.0,4.0,2.0,5.0,3.0,4.0,1.0,3.0,5.0,3.0,3.0,5.0,3.0,5.0,5.0,4.0,1.0,5.0,3.0,4.0,4.0,3.0,3.0,3.0,2.0,2.0,3.0,,,,,,,,
Staffordshire Bull Terrier,2.0,4.0,4.0,3.0,3.0,3.0,5.0,3.0,1.0,3.0,5.0,2.0,3.0,5.0,3.0,1.0,5.0,3.0,3.0,2.0,5.0,4.0,2.0,4.0,2.0,3.0,2.0,3.0,1.0,4.0,terrier,hip problems,21650,12.05,1,1145,466,Once a week
Standard Schnauzer,3.0,3.0,5.0,2.0,4.0,4.0,4.0,1.0,3.0,1.0,2.0,3.0,5.0,2.0,5.0,2.0,4.0,5.0,3.0,3.0,5.0,1.0,5.0,4.0,3.0,2.0,2.0,4.0,4.0,5.0,,,,,,,,
Sussex Spaniel,4.0,5.0,2.0,3.0,3.0,5.0,5.0,3.0,5.0,1.0,4.0,3.0,2.0,5.0,4.0,5.0,5.0,5.0,1.0,2.0,4.0,5.0,1.0,5.0,2.0,4.0,1.0,5.0,5.0,1.0,,,,,,,,
Swedish Vallhund,3.0,4.0,5.0,4.0,3.0,3.0,5.0,4.0,3.0,1.0,5.0,5.0,5.0,5.0,4.0,1.0,4.0,5.0,3.0,2.0,5.0,4.0,4.0,3.0,3.0,1.0,3.0,4.0,3.0,3.0,,,,,,,,
Tibetan Mastiff,3.0,4.0,3.0,3.0,3.0,1.0,5.0,2.0,5.0,2.0,4.0,1.0,4.0,2.0,3.0,1.0,5.0,5.0,2.0,5.0,5.0,4.0,3.0,5.0,5.0,2.0,1.0,5.0,2.0,3.0,,,,,,,,
Tibetan Spaniel,3.0,4.0,4.0,3.0,4.0,5.0,5.0,3.0,4.0,1.0,4.0,4.0,3.0,3.0,5.0,4.0,5.0,4.0,3.0,3.0,4.0,3.0,3.0,5.0,1.0,4.0,1.0,1.0,2.0,3.0,non-sporting,none,25549,14.42,0,1050,466,Once a week
Tibetan Terrier,4.0,4.0,5.0,2.0,3.0,5.0,5.0,1.0,4.0,1.0,1.0,4.0,5.0,3.0,5.0,3.0,5.0,4.0,4.0,2.0,5.0,3.0,2.0,4.0,2.0,2.0,1.0,4.0,4.0,3.0,non-sporting,none,20336,12.31,0,1140,324,Once a week
Toy Fox Terrier,3.0,4.0,5.0,3.0,4.0,5.0,5.0,4.0,3.0,1.0,5.0,3.0,5.0,3.0,5.0,3.0,4.0,4.0,4.0,2.0,5.0,2.0,5.0,4.0,1.0,4.0,1.0,2.0,3.0,4.0,,,,,,,,
Treeing Tennessee Brindle,2.0,4.0,4.0,4.0,3.0,1.0,4.0,4.0,4.0,3.0,5.0,3.0,4.0,3.0,4.0,2.0,4.0,4.0,4.0,3.0,3.0,3.0,4.0,3.0,3.0,1.0,2.0,3.0,3.0,1.0,,,,,,,,
Treeing Walker Coonhound,3.0,4.0,4.0,4.0,4.0,1.0,4.0,3.0,3.0,2.0,5.0,2.0,4.0,3.0,4.0,2.0,4.0,4.0,4.0,3.0,3.0,3.0,4.0,5.0,4.0,5.0,2.0,3.0,3.0,5.0,,,,,,,,
Vizsla,3.0,5.0,5.0,3.0,4.0,1.0,5.0,2.0,5.0,1.0,5.0,5.0,5.0,5.0,4.0,3.0,5.0,4.0,4.0,4.0,5.0,2.0,2.0,5.0,3.0,5.0,1.0,1.0,4.0,5.0,,,,,,,,
Weimaraner,3.0,4.0,5.0,4.0,4.0,1.0,5.0,4.0,3.0,4.0,5.0,4.0,5.0,3.0,3.0,2.0,4.0,5.0,5.0,5.0,5.0,2.0,5.0,5.0,4.0,2.0,1.0,3.0,4.0,5.0,,,,,,,,
Welsh Springer Spaniel,4.0,4.0,5.0,3.0,4.0,4.0,5.0,3.0,4.0,1.0,4.0,5.0,5.0,3.0,4.0,4.0,5.0,5.0,4.0,3.0,4.0,4.0,3.0,5.0,3.0,5.0,1.0,4.0,4.0,5.0,sporting,hip problems,20224,12.49,1,750,324,Once a week
Welsh Terrier,3.0,5.0,5.0,3.0,4.0,3.0,4.0,2.0,5.0,1.0,2.0,3.0,5.0,4.0,5.0,3.0,5.0,5.0,5.0,2.0,5.0,3.0,5.0,3.0,2.0,4.0,2.0,2.0,2.0,4.0,,,,,,,,
West Highland White Terrier,4.0,4.0,4.0,3.0,4.0,4.0,5.0,4.0,5.0,1.0,3.0,4.0,4.0,3.0,3.0,4.0,4.0,4.0,4.0,2.0,4.0,4.0,4.0,4.0,2.0,4.0,2.0,4.0,3.0,3.0,terrier,"lion jaw,dry eye,skin problems",20490,12.8,3,538,324,Once a week
Whippet,3.0,5.0,4.0,3.0,4.0,5.0,5.0,2.0,4.0,1.0,5.0,4.0,5.0,4.0,4.0,3.0,5.0,4.0,2.0,4.0,5.0,1.0,5.0,5.0,3.0,1.0,2.0,1.0,4.0,4.0,hound,none,20976,12.87,0,915,324,Once a week
Wirehaired Pointing Griffon,3.0,5.0,4.0,3.0,4.0,1.0,5.0,1.0,4.0,1.0,3.0,5.0,5.0,5.0,4.0,3.0,5.0,5.0,3.0,3.0,5.0,3.0,4.0,4.0,3.0,4.0,1.0,4.0,3.0,4.0,,,,,,,,
Yorkipoo,4.0,4.0,4.0,2.0,4.0,5.0,5.0,1.0,3.0,1.0,4.0,4.0,5.0,2.0,3.0,5.0,4.0,4.0,3.0,3.0,4.0,2.0,3.0,4.0,1.0,5.0,3.0,2.0,3.0,2.0,,,,,,,,
Yorkshire Terrier,3.0,3.0,5.0,2.0,3.0,5.0,4.0,2.0,3.0,1.0,1.0,3.0,5.0,2.0,4.0,4.0,2.0,3.0,4.0,2.0,5.0,2.0,2.0,5.0,1.0,3.0,2.0,2.0,2.0,3.0,toy,"knee,liver,trachea,eye disorders",20701,12.6,4,1057,324,Daily
